Produtos,Inicial,Final,Premio1,Premio2,Premio3
ADEGA,"0.01",500,"54","94","113"
ADEGA,"500.01",600,"65","113","137"
ADEGA,"600.01",700,"75","131","158"
ADEGA,"700.01",800,"84","147","176"
ADEGA,"800.01",900,"96","167","202"
ADEGA,"900.01","1000","106","185","223"
ADEGA,"1000.01","1100","115","201","242"
ADEGA,"1100.01","1200","126","220","265"
ADEGA,"1200.01","1300","136","238","286"
ADEGA,"1300.01","1400","146","256","307"
ADEGA,"1400.01","1500","156","272","328"
ADEGA,"1500.01","1600","166","290","349"
ADEGA,"1600.01","1700","176","308","370"
ADEGA,"1700.01","1800","185","324","389"
ADEGA,"1800.01","1900","196","342","412"
ADEGA,"1900.01","2000","203","355","426"
ADEGA,"2000.01","2200","219","384","460"
ADEGA,"2200.01","2400","238","416","500"
ADEGA,"2400.01","2600","255","446","536"
ADEGA,"2600.01","2800","276","483","580"
ADEGA,"2800.01","3000","296","517","622"
ADEGA,"3000.01","3500","325","569","683"
ADEGA,"3500.01","4000","371","649","779"
ADEGA,"4000.01","5000","442","773","928"
ADEGA,"5000.01","6000","537","939","1128"
ADEGA,"6000.01","7000","628","1099","1319"
ADEGA,"7000.01","8000","722","1263","1516"
ADEGA,"8000.01","9000","802","1404","1684"
ADEGA,"9000.01","10000","874","1530","1835"
BEBEDOURO DE ÁGUA ELÉTRICO,"0.01",200,"23","41","48"
BEBEDOURO DE ÁGUA ELÉTRICO,"200.01",300,"32","55","67"
BEBEDOURO DE ÁGUA ELÉTRICO,"300.01",400,"44","76","92"
BEBEDOURO DE ÁGUA ELÉTRICO,"400.01",500,"52","91","109"
BEBEDOURO DE ÁGUA ELÉTRICO,"500.01",700,"68","118","143"
BEBEDOURO DE ÁGUA ELÉTRICO,"700.01","1000","94","164","197"
BEBEDOURO DE ÁGUA ELÉTRICO,"1000.01","1500","132","231","277"
BEBEDOURO DE ÁGUA ELÉTRICO,"1500.01","2500","148","259","311"
CENTRÍFUGA DE ROUPA,"0.01",300,"35","63","74"
CENTRÍFUGA DE ROUPA,"300.01",400,"45","80","95"
CENTRÍFUGA DE ROUPA,"400.01",500,"56","101","118"
CENTRÍFUGA DE ROUPA,"500.01","1000","94","168","197"
CENTRÍFUGA DE ROUPA,"1000.01","1500","153","275","321"
CENTRÍFUGA DE ROUPA -24 MESES DE GARANTIA DE FÁBRICA,"0.01",300,"53",,
CENTRÍFUGA DE ROUPA -24 MESES DE GARANTIA DE FÁBRICA,"300.01",400,"67",,
CENTRÍFUGA DE ROUPA -24 MESES DE GARANTIA DE FÁBRICA,"400.01",500,"84",,
CENTRÍFUGA DE ROUPA -24 MESES DE GARANTIA DE FÁBRICA,"500.01","1000","140",,
CENTRÍFUGA DE ROUPA -24 MESES DE GARANTIA DE FÁBRICA,"1000.01","1500","230",,
COIFA / EXAUSTOR,"0.01",300,"33","57","69"
COIFA / EXAUSTOR,"300.01",500,"47","82","99"
COIFA / EXAUSTOR,"500.01",600,"63","110","132"
COIFA / EXAUSTOR,"600.01",700,"73","128","153"
COIFA / EXAUSTOR,"700.01",800,"84","146","176"
COIFA / EXAUSTOR,"800.01",900,"94","164","197"
COIFA / EXAUSTOR,"900.01","1000","101","176","212"
COIFA / EXAUSTOR,"1000.01","1200","112","196","235"
COIFA / EXAUSTOR,"1200.01","1500","138","241","290"
COIFA / EXAUSTOR,"1500.01","2000","177","309","372"
COIFA / EXAUSTOR,"2000.01","3000","253","443","531"
COIFA / EXAUSTOR,"3000.01","6000","442","773","928"
COIFA / EXAUSTOR,"6000.01","7000","628","1099","1319"
COIFA / EXAUSTOR,"7000.01","10000","816","1428","1714"
CONDICIONADOR DE AR CONVENCIONAL,"0.01",600,"64","112","134"
CONDICIONADOR DE AR CONVENCIONAL,"600.01",700,"77","134","162"
CONDICIONADOR DE AR CONVENCIONAL,"700.01",800,"89","155","187"
CONDICIONADOR DE AR CONVENCIONAL,"800.01",900,"101","176","212"
CONDICIONADOR DE AR CONVENCIONAL,"900.01","1000","112","196","235"
CONDICIONADOR DE AR CONVENCIONAL,"1000.01","1250","132","231","277"
CONDICIONADOR DE AR CONVENCIONAL,"1250.01","1500","152","265","319"
CONDICIONADOR DE AR CONVENCIONAL,"1500.01","1750","180","314","378"
CONDICIONADOR DE AR CONVENCIONAL,"1750.01","2000","207","361","435"
CONDICIONADOR DE AR CONVENCIONAL,"2000.01","2500","248","434","521"
CONDICIONADOR DE AR CONVENCIONAL,"2500.01","3000","303","531","636"
CONDICIONADOR DE AR CONVENCIONAL,"3000.01","3500","359","628","754"
CONDICIONADOR DE AR CONVENCIONAL,"3500.01","4000","414","724","869"
CONDICIONADOR DE AR CONVENCIONAL,"4000.01","5000","477","835","1002"
CONDICIONADOR DE AR CONVENCIONAL,"5000.01","6000","583","1021","1224"
CONDICIONADOR DE AR CONVENCIONAL,"6000.01","7000","662","1159","1390"
CONDICIONADOR DE AR CONVENCIONAL,"7000.01","8000","764","1337","1604"
CONDICIONADOR DE AR CONVENCIONAL,"8000.01","9000","829","1451","1741"
CONDICIONADOR DE AR CONVENCIONAL,"9000.01","10000","927","1622","1947"
CONDICIONADOR DE AR CONVENCIONAL - 24 MESES DE GARANTIA DE FÁBRICA,"0.01",600,"96",,
CONDICIONADOR DE AR CONVENCIONAL - 24 MESES DE GARANTIA DE FÁBRICA,"600.01",700,"115",,
CONDICIONADOR DE AR CONVENCIONAL - 24 MESES DE GARANTIA DE FÁBRICA,"700.01",800,"133",,
CONDICIONADOR DE AR CONVENCIONAL - 24 MESES DE GARANTIA DE FÁBRICA,"800.01",900,"151",,
CONDICIONADOR DE AR CONVENCIONAL - 24 MESES DE GARANTIA DE FÁBRICA,"900.01","1000","168",,
CONDICIONADOR DE AR CONVENCIONAL - 24 MESES DE GARANTIA DE FÁBRICA,"1000.01","1250","198",,
CONDICIONADOR DE AR CONVENCIONAL - 24 MESES DE GARANTIA DE FÁBRICA,"1250.01","1500","227",,
CONDICIONADOR DE AR CONVENCIONAL - 24 MESES DE GARANTIA DE FÁBRICA,"1500.01","1750","269",,
CONDICIONADOR DE AR CONVENCIONAL - 24 MESES DE GARANTIA DE FÁBRICA,"1750.01","2000","310",,
CONDICIONADOR DE AR CONVENCIONAL - 24 MESES DE GARANTIA DE FÁBRICA,"2000.01","2500","372",,
CONDICIONADOR DE AR CONVENCIONAL - 24 MESES DE GARANTIA DE FÁBRICA,"2500.01","3000","455",,
CONDICIONADOR DE AR CONVENCIONAL - 24 MESES DE GARANTIA DE FÁBRICA,"3000.01","3500","538",,
CONDICIONADOR DE AR CONVENCIONAL - 24 MESES DE GARANTIA DE FÁBRICA,"3500.01","4000","621",,
CONDICIONADOR DE AR CONVENCIONAL - 24 MESES DE GARANTIA DE FÁBRICA,"4000.01","5000","716",,
CONDICIONADOR DE AR CONVENCIONAL - 24 MESES DE GARANTIA DE FÁBRICA,"5000.01","6000","875",,
CONDICIONADOR DE AR CONVENCIONAL - 24 MESES DE GARANTIA DE FÁBRICA,"6000.01","7000","993",,
CONDICIONADOR DE AR CONVENCIONAL - 24 MESES DE GARANTIA DE FÁBRICA,"7000.01","8000","1146",,
CONDICIONADOR DE AR CONVENCIONAL - 24 MESES DE GARANTIA DE FÁBRICA,"8000.01","9000","1244",,
CONDICIONADOR DE AR CONVENCIONAL - 24 MESES DE GARANTIA DE FÁBRICA,"9000.01","10000","1390",,
CONDICIONADOR DE AR CONVENCIONAL - 36 MESES DE GARANTIA DE FÁBRICA,"0.01",600,"128",,
CONDICIONADOR DE AR CONVENCIONAL - 36 MESES DE GARANTIA DE FÁBRICA,"600.01",700,"153",,
CONDICIONADOR DE AR CONVENCIONAL - 36 MESES DE GARANTIA DE FÁBRICA,"700.01",800,"177",,
CONDICIONADOR DE AR CONVENCIONAL - 36 MESES DE GARANTIA DE FÁBRICA,"800.01",900,"201",,
CONDICIONADOR DE AR CONVENCIONAL - 36 MESES DE GARANTIA DE FÁBRICA,"900.01","1000","224",,
CONDICIONADOR DE AR CONVENCIONAL - 36 MESES DE GARANTIA DE FÁBRICA,"1000.01","1250","264",,
CONDICIONADOR DE AR CONVENCIONAL - 36 MESES DE GARANTIA DE FÁBRICA,"1250.01","1500","303",,
CONDICIONADOR DE AR CONVENCIONAL - 36 MESES DE GARANTIA DE FÁBRICA,"1500.01","1750","359",,
CONDICIONADOR DE AR CONVENCIONAL - 36 MESES DE GARANTIA DE FÁBRICA,"1750.01","2000","413",,
CONDICIONADOR DE AR CONVENCIONAL - 36 MESES DE GARANTIA DE FÁBRICA,"2000.01","2500","496",,
CONDICIONADOR DE AR CONVENCIONAL - 36 MESES DE GARANTIA DE FÁBRICA,"2500.01","3000","606",,
CONDICIONADOR DE AR CONVENCIONAL - 36 MESES DE GARANTIA DE FÁBRICA,"3000.01","3500","717",,
CONDICIONADOR DE AR CONVENCIONAL - 36 MESES DE GARANTIA DE FÁBRICA,"3500.01","4000","827",,
CONDICIONADOR DE AR CONVENCIONAL - 36 MESES DE GARANTIA DE FÁBRICA,"4000.01","5000","954",,
CONDICIONADOR DE AR CONVENCIONAL - 36 MESES DE GARANTIA DE FÁBRICA,"5000.01","6000","1166",,
CONDICIONADOR DE AR CONVENCIONAL - 36 MESES DE GARANTIA DE FÁBRICA,"6000.01","7000","1324",,
CONDICIONADOR DE AR CONVENCIONAL - 36 MESES DE GARANTIA DE FÁBRICA,"7000.01","8000","1528",,
CONDICIONADOR DE AR CONVENCIONAL - 36 MESES DE GARANTIA DE FÁBRICA,"8000.01","9000","1658",,
CONDICIONADOR DE AR CONVENCIONAL - 36 MESES DE GARANTIA DE FÁBRICA,"9000.01","10000","1854",,
CONDICIONADOR DE AR SPLIT + PORTATIL,"0.01",600,"64","112","134"
CONDICIONADOR DE AR SPLIT + PORTATIL,"600.01",700,"77","134","162"
CONDICIONADOR DE AR SPLIT + PORTATIL,"700.01",800,"89","155","187"
CONDICIONADOR DE AR SPLIT + PORTATIL,"800.01",900,"101","176","212"
CONDICIONADOR DE AR SPLIT + PORTATIL,"900.01","1000","112","196","235"
CONDICIONADOR DE AR SPLIT + PORTATIL,"1000.01","1250","132","231","277"
CONDICIONADOR DE AR SPLIT + PORTATIL,"1250.01","1500","152","265","319"
CONDICIONADOR DE AR SPLIT + PORTATIL,"1500.01","1750","180","314","378"
CONDICIONADOR DE AR SPLIT + PORTATIL,"1750.01","2000","207","361","435"
CONDICIONADOR DE AR SPLIT + PORTATIL,"2000.01","2500","248","434","521"
CONDICIONADOR DE AR SPLIT + PORTATIL,"2500.01","3000","303","531","636"
CONDICIONADOR DE AR SPLIT + PORTATIL,"3000.01","3500","359","628","754"
CONDICIONADOR DE AR SPLIT + PORTATIL,"3500.01","4000","414","724","869"
CONDICIONADOR DE AR SPLIT + PORTATIL,"4000.01","5000","477","835","1002"
CONDICIONADOR DE AR SPLIT + PORTATIL,"5000.01","6000","583","1021","1224"
CONDICIONADOR DE AR SPLIT + PORTATIL,"6000.01","7000","662","1159","1390"
CONDICIONADOR DE AR SPLIT + PORTATIL,"7000.01","8000","764","1337","1604"
CONDICIONADOR DE AR SPLIT + PORTATIL,"8000.01","9000","829","1451","1741"
CONDICIONADOR DE AR SPLIT + PORTATIL,"9000.01","10000","927","1622","1947"
CONDICIONADOR DE AR SPLIT + PORTATIL - 24 MESES DE GARANTIA DE FÁBRICA,"0.01",600,"96",,
CONDICIONADOR DE AR SPLIT + PORTATIL - 24 MESES DE GARANTIA DE FÁBRICA,"600.01",700,"115",,
CONDICIONADOR DE AR SPLIT + PORTATIL - 24 MESES DE GARANTIA DE FÁBRICA,"700.01",800,"133",,
CONDICIONADOR DE AR SPLIT + PORTATIL - 24 MESES DE GARANTIA DE FÁBRICA,"800.01",900,"151",,
CONDICIONADOR DE AR SPLIT + PORTATIL - 24 MESES DE GARANTIA DE FÁBRICA,"900.01","1000","168",,
CONDICIONADOR DE AR SPLIT + PORTATIL - 24 MESES DE GARANTIA DE FÁBRICA,"1000.01","1250","198",,
CONDICIONADOR DE AR SPLIT + PORTATIL - 24 MESES DE GARANTIA DE FÁBRICA,"1250.01","1500","227",,
CONDICIONADOR DE AR SPLIT + PORTATIL - 24 MESES DE GARANTIA DE FÁBRICA,"1500.01","1750","269",,
CONDICIONADOR DE AR SPLIT + PORTATIL - 24 MESES DE GARANTIA DE FÁBRICA,"1750.01","2000","310",,
CONDICIONADOR DE AR SPLIT + PORTATIL - 24 MESES DE GARANTIA DE FÁBRICA,"2000.01","2500","372",,
CONDICIONADOR DE AR SPLIT + PORTATIL - 24 MESES DE GARANTIA DE FÁBRICA,"2500.01","3000","455",,
CONDICIONADOR DE AR SPLIT + PORTATIL - 24 MESES DE GARANTIA DE FÁBRICA,"3000.01","3500","538",,
CONDICIONADOR DE AR SPLIT + PORTATIL - 24 MESES DE GARANTIA DE FÁBRICA,"3500.01","4000","621",,
CONDICIONADOR DE AR SPLIT + PORTATIL - 24 MESES DE GARANTIA DE FÁBRICA,"4000.01","5000","716",,
CONDICIONADOR DE AR SPLIT + PORTATIL - 24 MESES DE GARANTIA DE FÁBRICA,"5000.01","6000","875",,
CONDICIONADOR DE AR SPLIT + PORTATIL - 24 MESES DE GARANTIA DE FÁBRICA,"6000.01","7000","993",,
CONDICIONADOR DE AR SPLIT + PORTATIL - 24 MESES DE GARANTIA DE FÁBRICA,"7000.01","8000","1146",,
CONDICIONADOR DE AR SPLIT + PORTATIL - 24 MESES DE GARANTIA DE FÁBRICA,"8000.01","9000","1244",,
CONDICIONADOR DE AR SPLIT + PORTATIL - 24 MESES DE GARANTIA DE FÁBRICA,"9000.01","10000","1390",,
CONDICIONADOR DE AR SPLIT + PORTATIL - 36 MESES DE GARANTIA DE FÁBRICA,"0.01",600,"128",,
CONDICIONADOR DE AR SPLIT + PORTATIL - 36 MESES DE GARANTIA DE FÁBRICA,"600.01",700,"153",,
CONDICIONADOR DE AR SPLIT + PORTATIL - 36 MESES DE GARANTIA DE FÁBRICA,"700.01",800,"177",,
CONDICIONADOR DE AR SPLIT + PORTATIL - 36 MESES DE GARANTIA DE FÁBRICA,"800.01",900,"201",,
CONDICIONADOR DE AR SPLIT + PORTATIL - 36 MESES DE GARANTIA DE FÁBRICA,"900.01","1000","224",,
CONDICIONADOR DE AR SPLIT + PORTATIL - 36 MESES DE GARANTIA DE FÁBRICA,"1000.01","1250","264",,
CONDICIONADOR DE AR SPLIT + PORTATIL - 36 MESES DE GARANTIA DE FÁBRICA,"1250.01","1500","303",,
CONDICIONADOR DE AR SPLIT + PORTATIL - 36 MESES DE GARANTIA DE FÁBRICA,"1500.01","1750","359",,
CONDICIONADOR DE AR SPLIT + PORTATIL - 36 MESES DE GARANTIA DE FÁBRICA,"1750.01","2000","413",,
CONDICIONADOR DE AR SPLIT + PORTATIL - 36 MESES DE GARANTIA DE FÁBRICA,"2000.01","2500","496",,
CONDICIONADOR DE AR SPLIT + PORTATIL - 36 MESES DE GARANTIA DE FÁBRICA,"2500.01","3000","606",,
CONDICIONADOR DE AR SPLIT + PORTATIL - 36 MESES DE GARANTIA DE FÁBRICA,"3000.01","3500","717",,
CONDICIONADOR DE AR SPLIT + PORTATIL - 36 MESES DE GARANTIA DE FÁBRICA,"3500.01","4000","827",,
CONDICIONADOR DE AR SPLIT + PORTATIL - 36 MESES DE GARANTIA DE FÁBRICA,"4000.01","5000","954",,
CONDICIONADOR DE AR SPLIT + PORTATIL - 36 MESES DE GARANTIA DE FÁBRICA,"5000.01","6000","1166",,
CONDICIONADOR DE AR SPLIT + PORTATIL - 36 MESES DE GARANTIA DE FÁBRICA,"6000.01","7000","1324",,
CONDICIONADOR DE AR SPLIT + PORTATIL - 36 MESES DE GARANTIA DE FÁBRICA,"7000.01","8000","1528",,
CONDICIONADOR DE AR SPLIT + PORTATIL - 36 MESES DE GARANTIA DE FÁBRICA,"8000.01","9000","1658",,
CONDICIONADOR DE AR SPLIT + PORTATIL - 36 MESES DE GARANTIA DE FÁBRICA,"9000.01","10000","1854",,
FOGÃO,"0.01",200,"23","39","48"
FOGÃO,"200.01",300,"31","54","65"
FOGÃO,"300.01",350,"40","69","84"
FOGÃO,"350.01",400,"45","79","95"
FOGÃO,"400.01",450,"51","88","107"
FOGÃO,"450.01",500,"56","98","118"
FOGÃO,"500.01",600,"64","112","134"
FOGÃO,"600.01",700,"74","130","155"
FOGÃO,"700.01",800,"84","146","176"
FOGÃO,"800.01",900,"94","164","197"
FOGÃO,"900.01","1000","104","182","218"
FOGÃO,"1000.01","1100","112","196","235"
FOGÃO,"1100.01","1200","123","214","258"
FOGÃO,"1200.01","1300","131","229","275"
FOGÃO,"1300.01","1500","145","253","305"
FOGÃO,"1500.01","2000","179","312","376"
FOGÃO,"2000.01","3000","251","439","527"
FOGÃO,"3000.01","4000","336","587","706"
FOGÃO,"4000.01","6000","467","817","981"
FOGÃO,"6000.01","8000","645","1129","1355"
FOGÃO - 24 MESES DE GARANTIA DE FÁBRICA,"0.01",200,"34",,
FOGÃO - 24 MESES DE GARANTIA DE FÁBRICA,"200.01",300,"46",,
FOGÃO - 24 MESES DE GARANTIA DE FÁBRICA,"300.01",350,"59",,
FOGÃO - 24 MESES DE GARANTIA DE FÁBRICA,"350.01",400,"68",,
FOGÃO - 24 MESES DE GARANTIA DE FÁBRICA,"400.01",450,"76",,
FOGÃO - 24 MESES DE GARANTIA DE FÁBRICA,"450.01",500,"84",,
FOGÃO - 24 MESES DE GARANTIA DE FÁBRICA,"500.01",600,"96",,
FOGÃO - 24 MESES DE GARANTIA DE FÁBRICA,"600.01",700,"112",,
FOGÃO - 24 MESES DE GARANTIA DE FÁBRICA,"700.01",800,"125",,
FOGÃO - 24 MESES DE GARANTIA DE FÁBRICA,"800.01",900,"140",,
FOGÃO - 24 MESES DE GARANTIA DE FÁBRICA,"900.01","1000","156",,
FOGÃO - 24 MESES DE GARANTIA DE FÁBRICA,"1000.01","1100","168",,
FOGÃO - 24 MESES DE GARANTIA DE FÁBRICA,"1100.01","1200","184",,
FOGÃO - 24 MESES DE GARANTIA DE FÁBRICA,"1200.01","1300","196",,
FOGÃO - 24 MESES DE GARANTIA DE FÁBRICA,"1300.01","1500","217",,
FOGÃO - 24 MESES DE GARANTIA DE FÁBRICA,"1500.01","2000","268",,
FOGÃO - 24 MESES DE GARANTIA DE FÁBRICA,"2000.01","3000","376",,
FOGÃO - 24 MESES DE GARANTIA DE FÁBRICA,"3000.01","4000","504",,
FOGÃO - 24 MESES DE GARANTIA DE FÁBRICA,"4000.01","6000","700",,
FOGÃO - 24 MESES DE GARANTIA DE FÁBRICA,"6000.01","8000","968",,
FOGÃO COOKTOP / FOGÃO ELÉTRICO,"0.01",300,"34","58","71"
FOGÃO COOKTOP / FOGÃO ELÉTRICO,"300.01",400,"43","75","90"
FOGÃO COOKTOP / FOGÃO ELÉTRICO,"400.01",500,"55","96","116"
FOGÃO COOKTOP / FOGÃO ELÉTRICO,"500.01",600,"66","115","139"
FOGÃO COOKTOP / FOGÃO ELÉTRICO,"600.01",700,"78","136","164"
FOGÃO COOKTOP / FOGÃO ELÉTRICO,"700.01",800,"89","155","187"
FOGÃO COOKTOP / FOGÃO ELÉTRICO,"800.01",900,"100","174","210"
FOGÃO COOKTOP / FOGÃO ELÉTRICO,"900.01","1000","111","194","233"
FOGÃO COOKTOP / FOGÃO ELÉTRICO,"1000.01","1500","140","245","294"
FOGÃO COOKTOP / FOGÃO ELÉTRICO,"1500.01","2000","193","338","405"
FOGÃO COOKTOP / FOGÃO ELÉTRICO,"2000.01","2500","247","431","519"
FOGÃO COOKTOP / FOGÃO ELÉTRICO,"2500.01","3000","297","520","624"
FOGÃO COOKTOP / FOGÃO ELÉTRICO,"3000.01","4000","370","646","777"
FOGÃO COOKTOP / FOGÃO ELÉTRICO,"4000.01","6000","518","906","1088"
FOGÃO COOKTOP / FOGÃO ELÉTRICO,"6000.01","8000","705","1233","1481"
FORNO A GÁS,"0.01",200,"23","39","48"
FORNO A GÁS,"200.01",300,"31","54","65"
FORNO A GÁS,"300.01",350,"40","69","84"
FORNO A GÁS,"350.01",400,"45","79","95"
FORNO A GÁS,"400.01",450,"51","88","107"
FORNO A GÁS,"450.01",500,"56","98","118"
FORNO A GÁS,"500.01",600,"64","112","134"
FORNO A GÁS,"600.01",700,"74","130","155"
FORNO A GÁS,"700.01",800,"84","146","176"
FORNO A GÁS,"800.01",900,"94","164","197"
FORNO A GÁS,"900.01","1000","104","182","218"
FORNO A GÁS,"1000.01","1100","112","196","235"
FORNO A GÁS,"1100.01","1200","123","214","258"
FORNO A GÁS,"1200.01","1300","131","229","275"
FORNO A GÁS,"1300.01","1500","145","253","305"
FORNO A GÁS,"1500.01","2000","179","312","376"
FORNO A GÁS,"2000.01","3000","251","439","527"
FORNO A GÁS,"3000.01","4000","336","587","706"
FORNO A GÁS,"4000.01","6000","467","817","981"
FORNO A GÁS,"6000.01","8000","645","1129","1355"
FORNO A GÁS - 24 MESES DE GARANTIA DE FÁBRICA,"0.01",200,"34",,
FORNO A GÁS - 24 MESES DE GARANTIA DE FÁBRICA,"200.01",300,"46",,
FORNO A GÁS - 24 MESES DE GARANTIA DE FÁBRICA,"300.01",350,"59",,
FORNO A GÁS - 24 MESES DE GARANTIA DE FÁBRICA,"350.01",400,"68",,
FORNO A GÁS - 24 MESES DE GARANTIA DE FÁBRICA,"400.01",450,"76",,
FORNO A GÁS - 24 MESES DE GARANTIA DE FÁBRICA,"450.01",500,"84",,
FORNO A GÁS - 24 MESES DE GARANTIA DE FÁBRICA,"500.01",600,"96",,
FORNO A GÁS - 24 MESES DE GARANTIA DE FÁBRICA,"600.01",700,"112",,
FORNO A GÁS - 24 MESES DE GARANTIA DE FÁBRICA,"700.01",800,"125",,
FORNO A GÁS - 24 MESES DE GARANTIA DE FÁBRICA,"800.01",900,"140",,
FORNO A GÁS - 24 MESES DE GARANTIA DE FÁBRICA,"900.01","1000","156",,
FORNO A GÁS - 24 MESES DE GARANTIA DE FÁBRICA,"1000.01","1100","168",,
FORNO A GÁS - 24 MESES DE GARANTIA DE FÁBRICA,"1100.01","1200","184",,
FORNO A GÁS - 24 MESES DE GARANTIA DE FÁBRICA,"1200.01","1300","196",,
FORNO A GÁS - 24 MESES DE GARANTIA DE FÁBRICA,"1300.01","1500","217",,
FORNO A GÁS - 24 MESES DE GARANTIA DE FÁBRICA,"1500.01","2000","268",,
FORNO A GÁS - 24 MESES DE GARANTIA DE FÁBRICA,"2000.01","3000","376",,
FORNO A GÁS - 24 MESES DE GARANTIA DE FÁBRICA,"3000.01","4000","504",,
FORNO A GÁS - 24 MESES DE GARANTIA DE FÁBRICA,"4000.01","6000","700",,
FORNO A GÁS - 24 MESES DE GARANTIA DE FÁBRICA,"6000.01","8000","968",,
FREEZER,"0.01",750,"84","146","176"
FREEZER,"750.01","1000","107","186","225"
FREEZER,"1000.01","1250","134","234","281"
FREEZER,"1250.01","1500","160","280","336"
FREEZER,"1500.01","1750","185","323","389"
FREEZER,"1750.01","2000","208","364","437"
FREEZER,"2000.01","2500","247","431","519"
FREEZER,"2500.01","3000","295","516","620"
FREEZER,"3000.01","4000","370","646","777"
FREEZER,"4000.01","5000","471","825","989"
FREEZER,"5000.01","6000","564","986","1184"
FREEZER,"6000.01","7000","658","1151","1382"
FREEZER,"7000.01","8000","743","1300","1560"
FREEZER,"8000.01","9000","892","1561","1873"
FREEZER,"9000.01","10000","981","1716","2060"
FREEZER - 24 MESES DE GARANTIA DE FÁBRICA,"0.01",750,"125",,
FREEZER - 24 MESES DE GARANTIA DE FÁBRICA,"750.01","1000","160",,
FREEZER - 24 MESES DE GARANTIA DE FÁBRICA,"1000.01","1250","201",,
FREEZER - 24 MESES DE GARANTIA DE FÁBRICA,"1250.01","1500","240",,
FREEZER - 24 MESES DE GARANTIA DE FÁBRICA,"1500.01","1750","277",,
FREEZER - 24 MESES DE GARANTIA DE FÁBRICA,"1750.01","2000","313",,
FREEZER - 24 MESES DE GARANTIA DE FÁBRICA,"2000.01","2500","370",,
FREEZER - 24 MESES DE GARANTIA DE FÁBRICA,"2500.01","3000","443",,
FREEZER - 24 MESES DE GARANTIA DE FÁBRICA,"3000.01","4000","555",,
FREEZER - 24 MESES DE GARANTIA DE FÁBRICA,"4000.01","5000","707",,
FREEZER - 24 MESES DE GARANTIA DE FÁBRICA,"5000.01","6000","846",,
FREEZER - 24 MESES DE GARANTIA DE FÁBRICA,"6000.01","7000","987",,
FREEZER - 24 MESES DE GARANTIA DE FÁBRICA,"7000.01","8000","1115",,
FREEZER - 24 MESES DE GARANTIA DE FÁBRICA,"8000.01","9000","1338",,
FREEZER - 24 MESES DE GARANTIA DE FÁBRICA,"9000.01","10000","1471",,
LAVADORA DE ROUPA,"0.01",300,"35","63","74"
LAVADORA DE ROUPA,"300.01",500,"52","94","109"
LAVADORA DE ROUPA,"500.01",600,"71","127","149"
LAVADORA DE ROUPA,"600.01",700,"84","150","176"
LAVADORA DE ROUPA,"700.01",800,"96","172","202"
LAVADORA DE ROUPA,"800.01",900,"107","193","225"
LAVADORA DE ROUPA,"900.01","1000","119","214","250"
LAVADORA DE ROUPA,"1000.01","1100","130","234","273"
LAVADORA DE ROUPA,"1100.01","1200","143","257","300"
LAVADORA DE ROUPA,"1200.01","1300","154","277","323"
LAVADORA DE ROUPA,"1300.01","1400","165","297","347"
LAVADORA DE ROUPA,"1400.01","1500","177","318","372"
LAVADORA DE ROUPA,"1500.01","1600","185","333","389"
LAVADORA DE ROUPA,"1600.01","1800","202","364","424"
LAVADORA DE ROUPA,"1800.01","2000","224","404","470"
LAVADORA DE ROUPA,"2000.01","2500","265","477","557"
LAVADORA DE ROUPA,"2500.01","3000","321","577","674"
LAVADORA DE ROUPA,"3000.01","4000","408","734","857"
LAVADORA DE ROUPA,"4000.01","5000","521","938","1094"
LAVADORA DE ROUPA,"5000.01","6000","637","1146","1338"
LAVADORA DE ROUPA,"6000.01","7000","747","1344","1569"
LAVADORA DE ROUPA,"7000.01","8000","849","1528","1783"
LAVADORA DE ROUPA - 24 MESES DE GARANTIA DE FÁBRICA,,300,"53",,
LAVADORA DE ROUPA - 24 MESES DE GARANTIA DE FÁBRICA,"300.01",500,"79",,
LAVADORA DE ROUPA - 24 MESES DE GARANTIA DE FÁBRICA,"500.01",600,"107",,
LAVADORA DE ROUPA - 24 MESES DE GARANTIA DE FÁBRICA,"600.01",700,"125",,
LAVADORA DE ROUPA - 24 MESES DE GARANTIA DE FÁBRICA,"700.01",800,"143",,
LAVADORA DE ROUPA - 24 MESES DE GARANTIA DE FÁBRICA,"800.01",900,"161",,
LAVADORA DE ROUPA - 24 MESES DE GARANTIA DE FÁBRICA,"900.01","1000","179",,
LAVADORA DE ROUPA - 24 MESES DE GARANTIA DE FÁBRICA,"1000.01","1100","196",,
LAVADORA DE ROUPA - 24 MESES DE GARANTIA DE FÁBRICA,"1100.01","1200","214",,
LAVADORA DE ROUPA - 24 MESES DE GARANTIA DE FÁBRICA,"1200.01","1300","231",,
LAVADORA DE ROUPA - 24 MESES DE GARANTIA DE FÁBRICA,"1300.01","1400","247",,
LAVADORA DE ROUPA - 24 MESES DE GARANTIA DE FÁBRICA,"1400.01","1500","265",,
LAVADORA DE ROUPA - 24 MESES DE GARANTIA DE FÁBRICA,"1500.01","1600","278",,
LAVADORA DE ROUPA - 24 MESES DE GARANTIA DE FÁBRICA,"1600.01","1800","303",,
LAVADORA DE ROUPA - 24 MESES DE GARANTIA DE FÁBRICA,"1800.01","2000","336",,
LAVADORA DE ROUPA - 24 MESES DE GARANTIA DE FÁBRICA,"2000.01","2500","398",,
LAVADORA DE ROUPA - 24 MESES DE GARANTIA DE FÁBRICA,"2500.01","3000","482",,
LAVADORA DE ROUPA - 24 MESES DE GARANTIA DE FÁBRICA,"3000.01","4000","611",,
LAVADORA DE ROUPA - 24 MESES DE GARANTIA DE FÁBRICA,"4000.01","5000","782",,
LAVADORA DE ROUPA - 24 MESES DE GARANTIA DE FÁBRICA,"5000.01","6000","955",,
LAVADORA DE ROUPA - 24 MESES DE GARANTIA DE FÁBRICA,"6000.01","7000","1120",,
LAVADORA DE ROUPA - 24 MESES DE GARANTIA DE FÁBRICA,"7000.01","8000","1273",,
LAVADORA DE LOUÇA,"0.01",600,"67","116","141"
LAVADORA DE LOUÇA,"600.01",800,"85","149","179"
LAVADORA DE LOUÇA,"800.01","1000","107","188","225"
LAVADORA DE LOUÇA,"1000.01","1250","132","231","277"
LAVADORA DE LOUÇA,"1250.01","1500","157","275","330"
LAVADORA DE LOUÇA,"1500.01","1750","183","320","384"
LAVADORA DE LOUÇA,"1750.01","2000","208","363","437"
LAVADORA DE LOUÇA,"2000.01","2500","245","428","515"
LAVADORA DE LOUÇA,"2500.01","3000","296","517","622"
LAVADORA DE LOUÇA,"3000.01","4000","375","655","788"
LAVADORA DE LOUÇA,"4000.01","5000","474","829","995"
LAVADORA DE LOUÇA,"5000.01","6000","565","988","1187"
LAVADORA DE LOUÇA,"6000.01","7000","662","1159","1390"
MÁQUINA DE COSTURA,"0.01",300,"32","55","67"
MÁQUINA DE COSTURA,"300.01",400,"40","70","84"
MÁQUINA DE COSTURA,"400.01",500,"51","90","107"
MÁQUINA DE COSTURA,"500.01",600,"62","107","130"
MÁQUINA DE COSTURA,"600.01",700,"73","127","153"
MÁQUINA DE COSTURA,"700.01",800,"83","145","174"
MÁQUINA DE COSTURA,"800.01",900,"93","162","195"
MÁQUINA DE COSTURA,"900.01","1000","104","182","218"
MÁQUINA DE COSTURA,"1000.01","1500","135","235","284"
MÁQUINA DE COSTURA,"1500.01","2000","185","323","389"
MÁQUINA DE COSTURA,"2000.01","2500","234","409","491"
MÁQUINA DE COSTURA,"2500.01","3000","284","496","596"
MÁQUINA DE COSTURA,"3000.01","4000","357","624","750"
MICROONDAS,"0.01",200,"23","39","48"
MICROONDAS,"200.01",300,"31","54","65"
MICROONDAS,"300.01",400,"42","73","88"
MICROONDAS,"400.01",500,"53","93","111"
MICROONDAS,"500.01",600,"64","112","134"
MICROONDAS,"600.01",700,"74","130","155"
MICROONDAS,"700.01",800,"84","147","176"
MICROONDAS,"800.01",900,"94","164","197"
MICROONDAS,"900.01","1000","102","179","214"
MICROONDAS,"1000.01","1250","119","208","250"
MICROONDAS,"1250.01","1500","142","248","298"
MICROONDAS,"1500.01","1750","163","286","342"
MICROONDAS,"1750.01","2000","179","312","376"
REFRIGERADOR 1 PORTA +  REFRIGERADOR 2 PORTAS + FRIGOBAR,"0.01",500,"54","94","113"
REFRIGERADOR 1 PORTA +  REFRIGERADOR 2 PORTAS + FRIGOBAR,"500.01",600,"65","113","137"
REFRIGERADOR 1 PORTA +  REFRIGERADOR 2 PORTAS + FRIGOBAR,"600.01",700,"75","131","158"
REFRIGERADOR 1 PORTA +  REFRIGERADOR 2 PORTAS + FRIGOBAR,"700.01",800,"84","147","176"
REFRIGERADOR 1 PORTA +  REFRIGERADOR 2 PORTAS + FRIGOBAR,"800.01",900,"96","167","202"
REFRIGERADOR 1 PORTA +  REFRIGERADOR 2 PORTAS + FRIGOBAR,"900.01","1000","106","185","223"
REFRIGERADOR 1 PORTA +  REFRIGERADOR 2 PORTAS + FRIGOBAR,"1000.01","1100","115","201","242"
REFRIGERADOR 1 PORTA +  REFRIGERADOR 2 PORTAS + FRIGOBAR,"1100.01","1200","126","220","265"
REFRIGERADOR 1 PORTA +  REFRIGERADOR 2 PORTAS + FRIGOBAR,"1200.01","1300","136","238","286"
REFRIGERADOR 1 PORTA +  REFRIGERADOR 2 PORTAS + FRIGOBAR,"1300.01","1400","146","256","307"
REFRIGERADOR 1 PORTA +  REFRIGERADOR 2 PORTAS + FRIGOBAR,"1400.01","1500","156","272","328"
REFRIGERADOR 1 PORTA +  REFRIGERADOR 2 PORTAS + FRIGOBAR,"1500.01","1600","166","290","349"
REFRIGERADOR 1 PORTA +  REFRIGERADOR 2 PORTAS + FRIGOBAR,"1600.01","1700","176","308","370"
REFRIGERADOR 1 PORTA +  REFRIGERADOR 2 PORTAS + FRIGOBAR,"1700.01","1800","185","324","389"
REFRIGERADOR 1 PORTA +  REFRIGERADOR 2 PORTAS + FRIGOBAR,"1800.01","1900","196","342","412"
REFRIGERADOR 1 PORTA +  REFRIGERADOR 2 PORTAS + FRIGOBAR,"1900.01","2000","203","355","426"
REFRIGERADOR 1 PORTA +  REFRIGERADOR 2 PORTAS + FRIGOBAR,"2000.01","2200","219","384","460"
REFRIGERADOR 1 PORTA +  REFRIGERADOR 2 PORTAS + FRIGOBAR,"2200.01","2400","238","416","500"
REFRIGERADOR 1 PORTA +  REFRIGERADOR 2 PORTAS + FRIGOBAR,"2400.01","2600","255","446","536"
REFRIGERADOR 1 PORTA +  REFRIGERADOR 2 PORTAS + FRIGOBAR,"2600.01","2800","276","483","580"
REFRIGERADOR 1 PORTA +  REFRIGERADOR 2 PORTAS + FRIGOBAR,"2800.01","3000","296","517","622"
REFRIGERADOR 1 PORTA +  REFRIGERADOR 2 PORTAS + FRIGOBAR,"3000.01","3500","325","569","683"
REFRIGERADOR 1 PORTA +  REFRIGERADOR 2 PORTAS + FRIGOBAR,"3500.01","4000","371","649","779"
REFRIGERADOR 1 PORTA +  REFRIGERADOR 2 PORTAS + FRIGOBAR,"4000.01","5000","442","773","928"
REFRIGERADOR 1 PORTA +  REFRIGERADOR 2 PORTAS + FRIGOBAR,"5000.01","6000","537","939","1128"
REFRIGERADOR 1 PORTA +  REFRIGERADOR 2 PORTAS + FRIGOBAR,"6000.01","7000","628","1099","1319"
REFRIGERADOR 1 PORTA +  REFRIGERADOR 2 PORTAS + FRIGOBAR,"7000.01","8000","722","1263","1516"
REFRIGERADOR 1 PORTA +  REFRIGERADOR 2 PORTAS + FRIGOBAR,"8000.01","9000","802","1404","1684"
REFRIGERADOR 1 PORTA +  REFRIGERADOR 2 PORTAS + FRIGOBAR,"9000.01","10000","874","1530","1835"
REFRIGERADOR 1 PORTA +  REFRIGERADOR 2 PORTAS + FRIGOBAR - 24 MESES DE GARANTIA DE FÁBRICA,"0.01",500,"81",,
REFRIGERADOR 1 PORTA +  REFRIGERADOR 2 PORTAS + FRIGOBAR - 24 MESES DE GARANTIA DE FÁBRICA,"500.01",600,"97",,
REFRIGERADOR 1 PORTA +  REFRIGERADOR 2 PORTAS + FRIGOBAR - 24 MESES DE GARANTIA DE FÁBRICA,"600.01",700,"112",,
REFRIGERADOR 1 PORTA +  REFRIGERADOR 2 PORTAS + FRIGOBAR - 24 MESES DE GARANTIA DE FÁBRICA,"700.01",800,"127",,
REFRIGERADOR 1 PORTA +  REFRIGERADOR 2 PORTAS + FRIGOBAR - 24 MESES DE GARANTIA DE FÁBRICA,"800.01",900,"143",,
REFRIGERADOR 1 PORTA +  REFRIGERADOR 2 PORTAS + FRIGOBAR - 24 MESES DE GARANTIA DE FÁBRICA,"900.01","1000","158",,
REFRIGERADOR 1 PORTA +  REFRIGERADOR 2 PORTAS + FRIGOBAR - 24 MESES DE GARANTIA DE FÁBRICA,"1000.01","1100","173",,
REFRIGERADOR 1 PORTA +  REFRIGERADOR 2 PORTAS + FRIGOBAR - 24 MESES DE GARANTIA DE FÁBRICA,"1100.01","1200","189",,
REFRIGERADOR 1 PORTA +  REFRIGERADOR 2 PORTAS + FRIGOBAR - 24 MESES DE GARANTIA DE FÁBRICA,"1200.01","1300","204",,
REFRIGERADOR 1 PORTA +  REFRIGERADOR 2 PORTAS + FRIGOBAR - 24 MESES DE GARANTIA DE FÁBRICA,"1300.01","1400","219",,
REFRIGERADOR 1 PORTA +  REFRIGERADOR 2 PORTAS + FRIGOBAR - 24 MESES DE GARANTIA DE FÁBRICA,"1400.01","1500","234",,
REFRIGERADOR 1 PORTA +  REFRIGERADOR 2 PORTAS + FRIGOBAR - 24 MESES DE GARANTIA DE FÁBRICA,"1500.01","1600","249",,
REFRIGERADOR 1 PORTA +  REFRIGERADOR 2 PORTAS + FRIGOBAR - 24 MESES DE GARANTIA DE FÁBRICA,"1600.01","1700","264",,
REFRIGERADOR 1 PORTA +  REFRIGERADOR 2 PORTAS + FRIGOBAR - 24 MESES DE GARANTIA DE FÁBRICA,"1700.01","1800","278",,
REFRIGERADOR 1 PORTA +  REFRIGERADOR 2 PORTAS + FRIGOBAR - 24 MESES DE GARANTIA DE FÁBRICA,"1800.01","1900","293",,
REFRIGERADOR 1 PORTA +  REFRIGERADOR 2 PORTAS + FRIGOBAR - 24 MESES DE GARANTIA DE FÁBRICA,"1900.01","2000","305",,
REFRIGERADOR 1 PORTA +  REFRIGERADOR 2 PORTAS + FRIGOBAR - 24 MESES DE GARANTIA DE FÁBRICA,"2000.01","2200","329",,
REFRIGERADOR 1 PORTA +  REFRIGERADOR 2 PORTAS + FRIGOBAR - 24 MESES DE GARANTIA DE FÁBRICA,"2200.01","2400","357",,
REFRIGERADOR 1 PORTA +  REFRIGERADOR 2 PORTAS + FRIGOBAR - 24 MESES DE GARANTIA DE FÁBRICA,"2400.01","2600","382",,
REFRIGERADOR 1 PORTA +  REFRIGERADOR 2 PORTAS + FRIGOBAR - 24 MESES DE GARANTIA DE FÁBRICA,"2600.01","2800","415",,
REFRIGERADOR 1 PORTA +  REFRIGERADOR 2 PORTAS + FRIGOBAR - 24 MESES DE GARANTIA DE FÁBRICA,"2800.01","3000","443",,
REFRIGERADOR 1 PORTA +  REFRIGERADOR 2 PORTAS + FRIGOBAR - 24 MESES DE GARANTIA DE FÁBRICA,"3000.01","3500","488",,
REFRIGERADOR 1 PORTA +  REFRIGERADOR 2 PORTAS + FRIGOBAR - 24 MESES DE GARANTIA DE FÁBRICA,"3500.01","4000","557",,
REFRIGERADOR 1 PORTA +  REFRIGERADOR 2 PORTAS + FRIGOBAR - 24 MESES DE GARANTIA DE FÁBRICA,"4000.01","5000","662",,
REFRIGERADOR 1 PORTA +  REFRIGERADOR 2 PORTAS + FRIGOBAR - 24 MESES DE GARANTIA DE FÁBRICA,"5000.01","6000","805",,
REFRIGERADOR 1 PORTA +  REFRIGERADOR 2 PORTAS + FRIGOBAR - 24 MESES DE GARANTIA DE FÁBRICA,"6000.01","7000","942",,
REFRIGERADOR 1 PORTA +  REFRIGERADOR 2 PORTAS + FRIGOBAR - 24 MESES DE GARANTIA DE FÁBRICA,"7000.01","8000","1082",,
REFRIGERADOR 1 PORTA +  REFRIGERADOR 2 PORTAS + FRIGOBAR - 24 MESES DE GARANTIA DE FÁBRICA,"8000.01","9000","1204",,
REFRIGERADOR 1 PORTA +  REFRIGERADOR 2 PORTAS + FRIGOBAR - 24 MESES DE GARANTIA DE FÁBRICA,"9000.01","10000","1311",,
REFRIGERADOR SIDE-BY-SIDE,"0.01","1000","107","193","225"
REFRIGERADOR SIDE-BY-SIDE,"1000.01","1500","147","264","309"
REFRIGERADOR SIDE-BY-SIDE,"1500.01","2000","201","361","422"
REFRIGERADOR SIDE-BY-SIDE,"2000.01","2500","252","453","529"
REFRIGERADOR SIDE-BY-SIDE,"2500.01","3000","308","554","647"
REFRIGERADOR SIDE-BY-SIDE,"3000.01","3500","361","650","758"
REFRIGERADOR SIDE-BY-SIDE,"3500.01","4000","412","741","865"
REFRIGERADOR SIDE-BY-SIDE,"4000.01","4500","465","837","977"
REFRIGERADOR SIDE-BY-SIDE,"4500.01","5000","516","929","1084"
REFRIGERADOR SIDE-BY-SIDE,"5000.01","6000","591","1064","1241"
REFRIGERADOR SIDE-BY-SIDE,"6000.01","7000","694","1249","1457"
REFRIGERADOR SIDE-BY-SIDE,"7000.01","8000","800","1440","1680"
REFRIGERADOR SIDE-BY-SIDE,"8000.01","9000","903","1625","1896"
REFRIGERADOR SIDE-BY-SIDE,"9000.01","10000","1010","1818","2121"
REFRIGERADOR SIDE-BY-SIDE,"10000.01","11000","1108","1994","2327"
REFRIGERADOR SIDE-BY-SIDE,"11000.01","12000","1204","2168","2528"
REFRIGERADOR SIDE-BY-SIDE,"12000.01","13000","1303","2345","2736"
REFRIGERADOR SIDE-BY-SIDE,"13000.01","14000","1400","2520","2940"
REFRIGERADOR SIDE-BY-SIDE,"14000.01","15000","1473","2650","3093"
REFRIGERADOR SIDE-BY-SIDE,"15000.01","16000","1574","2834","3305"
REFRIGERADOR SIDE-BY-SIDE,"16000.01","17000","1676","3017","3520"
REFRIGERADOR SIDE-BY-SIDE,"17000.01","18000","1753","3154","3681"
REFRIGERADOR SIDE-BY-SIDE,"18000.01","19000","1837","3307","3858"
REFRIGERADOR SIDE-BY-SIDE,"19000.01","20000","1922","3460","4036"
REFRIGERADOR SIDE-BY-SIDE,"20000.01","21000","1996","3593","4192"
REFRIGERADOR SIDE-BY-SIDE,"21000.01","22000","2084","3750","4376"
REFRIGERADOR SIDE-BY-SIDE,"22000.01","23000","2164","3895","4544"
REFRIGERADOR SIDE-BY-SIDE,"23000.01","24000","2214","3985","4649"
REFRIGERADOR SIDE-BY-SIDE,"24000.01","25000","2246","4042","4717"
TANQUINHO,"0.01",300,"34","58","71"
TANQUINHO,"300.01",400,"42","73","88"
TANQUINHO,"400.01",500,"52","91","109"
TANQUINHO,"500.01",600,"62","109","130"
TANQUINHO,"600.01",700,"73","127","153"
TANQUINHO,"700.01",800,"83","145","174"
TANQUINHO,"800.01",900,"91","159","191"
TANQUINHO,"900.01","1000","98","171","206"
TANQUINHO - 24 MESES DE GARANTIA DE FÁBRICA,"0.01",300,"51",,
TANQUINHO - 24 MESES DE GARANTIA DE FÁBRICA,"300.01",400,"63",,
TANQUINHO - 24 MESES DE GARANTIA DE FÁBRICA,"400.01",500,"79",,
TANQUINHO - 24 MESES DE GARANTIA DE FÁBRICA,"500.01",600,"94",,
TANQUINHO - 24 MESES DE GARANTIA DE FÁBRICA,"600.01",700,"109",,
TANQUINHO - 24 MESES DE GARANTIA DE FÁBRICA,"700.01",800,"124",,
TANQUINHO - 24 MESES DE GARANTIA DE FÁBRICA,"800.01",900,"137",,
TANQUINHO - 24 MESES DE GARANTIA DE FÁBRICA,"900.01","1000","147",,
ANTENA PARABÓLICA,"0.01",200,"21","36","44"
ANTENA PARABÓLICA,"200.01",300,"28","49","59"
ANTENA PARABÓLICA,"300.01",400,"39","67","82"
ANTENA PARABÓLICA,"400.01",600,"53","93","111"
ANTENA PARABÓLICA,"600.01",800,"72","125","151"
ANTENA PARABÓLICA,"800.01","1000","90","158","189"
ANTENA PARABÓLICA,"1000.01","1500","124","216","260"
ÁUDIO SYSTEM | CAIXA AMPLIFICADA I AMPLIFICADOR DE SOM,"0.01",100,"12","21","25"
ÁUDIO SYSTEM | CAIXA AMPLIFICADA I AMPLIFICADOR DE SOM,"100.01",200,"19","33","40"
ÁUDIO SYSTEM | CAIXA AMPLIFICADA I AMPLIFICADOR DE SOM,"200.01",300,"31","54","65"
ÁUDIO SYSTEM | CAIXA AMPLIFICADA I AMPLIFICADOR DE SOM,"300.01",400,"43","75","90"
ÁUDIO SYSTEM | CAIXA AMPLIFICADA I AMPLIFICADOR DE SOM,"400.01",500,"55","96","116"
ÁUDIO SYSTEM | CAIXA AMPLIFICADA I AMPLIFICADOR DE SOM,"500.01",600,"67","116","141"
ÁUDIO SYSTEM | CAIXA AMPLIFICADA I AMPLIFICADOR DE SOM,"600.01",700,"78","136","164"
ÁUDIO SYSTEM | CAIXA AMPLIFICADA I AMPLIFICADOR DE SOM,"700.01",800,"90","156","189"
ÁUDIO SYSTEM | CAIXA AMPLIFICADA I AMPLIFICADOR DE SOM,"800.01",900,"100","174","210"
ÁUDIO SYSTEM | CAIXA AMPLIFICADA I AMPLIFICADOR DE SOM,"900.01","1000","111","194","233"
ÁUDIO SYSTEM | CAIXA AMPLIFICADA I AMPLIFICADOR DE SOM,"1000.01","1100","122","213","256"
ÁUDIO SYSTEM | CAIXA AMPLIFICADA I AMPLIFICADOR DE SOM,"1100.01","1200","132","231","277"
ÁUDIO SYSTEM | CAIXA AMPLIFICADA I AMPLIFICADOR DE SOM,"1200.01","1300","143","250","300"
ÁUDIO SYSTEM | CAIXA AMPLIFICADA I AMPLIFICADOR DE SOM,"1300.01","1400","153","268","321"
ÁUDIO SYSTEM | CAIXA AMPLIFICADA I AMPLIFICADOR DE SOM,"1400.01","1500","164","287","344"
ÁUDIO SYSTEM | CAIXA AMPLIFICADA I AMPLIFICADOR DE SOM,"1500.01","1600","175","306","368"
ÁUDIO SYSTEM | CAIXA AMPLIFICADA I AMPLIFICADOR DE SOM,"1600.01","1800","191","335","401"
ÁUDIO SYSTEM | CAIXA AMPLIFICADA I AMPLIFICADOR DE SOM,"1800.01","2000","213","373","447"
ÁUDIO SYSTEM | CAIXA AMPLIFICADA I AMPLIFICADOR DE SOM,"2000.01","2500","253","443","531"
ÁUDIO SYSTEM | CAIXA AMPLIFICADA I AMPLIFICADOR DE SOM,"2500.01","3000","306","535","643"
ÁUDIO SYSTEM | CAIXA AMPLIFICADA I AMPLIFICADOR DE SOM,"3000.01","4000","340","594","713"
ÁUDIO SYSTEM | CAIXA AMPLIFICADA I AMPLIFICADOR DE SOM,"4000.01","5000","377","660","792"
ÁUDIO SYSTEM | CAIXA AMPLIFICADA I AMPLIFICADOR DE SOM,"5000.01","6000","418","732","879"
ÁUDIO SYSTEM | CAIXA AMPLIFICADA I AMPLIFICADOR DE SOM,"6000.01","7000","465","813","976"
ÁUDIO SYSTEM | CAIXA AMPLIFICADA I AMPLIFICADOR DE SOM,"7000.01","8000","516","902","1083"
ÁUDIO SYSTEM | CAIXA AMPLIFICADA I AMPLIFICADOR DE SOM,"8000.01","9000","572","1002","1202"
ÁUDIO SYSTEM | CAIXA AMPLIFICADA I AMPLIFICADOR DE SOM,"9000.01","10000","635","1112","1334"
ÁUDIO SYSTEM | CAIXA AMPLIFICADA I AMPLIFICADOR DE SOM,"10000.01","11000","705","1234","1481"
ÁUDIO SYSTEM | CAIXA AMPLIFICADA I AMPLIFICADOR DE SOM,"11000.01","12000","783","1370","1644"
ÁUDIO SYSTEM | CAIXA AMPLIFICADA I AMPLIFICADOR DE SOM,"12000.01","13000","869","1521","1825"
ÁUDIO SYSTEM | CAIXA AMPLIFICADA I AMPLIFICADOR DE SOM,"13000.01","14000","964","1688","2025"
ÁUDIO SYSTEM | CAIXA AMPLIFICADA I AMPLIFICADOR DE SOM,"14000.01","15000","1071","1873","2248"
ÁUDIO SYSTEM | CAIXA AMPLIFICADA I AMPLIFICADOR DE SOM,"15000.01","16000","1188","2079","2495"
ÁUDIO SYSTEM | CAIXA AMPLIFICADA I AMPLIFICADOR DE SOM,"16000.01","17000","1319","2308","2770"
ÁUDIO SYSTEM | CAIXA AMPLIFICADA I AMPLIFICADOR DE SOM,"17000.01","18000","1464","2562","3075"
ÁUDIO SYSTEM | CAIXA AMPLIFICADA I AMPLIFICADOR DE SOM,"18000.01","19000","1625","2844","3413"
ÁUDIO SYSTEM | CAIXA AMPLIFICADA I AMPLIFICADOR DE SOM,"19000.01","20000","1804","3157","3788"
DVD PLAYER CONVENCIONAL + DVD PLAYER COM BLU-RAY,"0.01",150,"16","28","34"
DVD PLAYER CONVENCIONAL + DVD PLAYER COM BLU-RAY,"150.01",200,"22","38","46"
DVD PLAYER CONVENCIONAL + DVD PLAYER COM BLU-RAY,"200.01",250,"28","48","59"
DVD PLAYER CONVENCIONAL + DVD PLAYER COM BLU-RAY,"250.01",300,"34","58","71"
DVD PLAYER CONVENCIONAL + DVD PLAYER COM BLU-RAY,"300.01",400,"42","73","88"
DVD PLAYER CONVENCIONAL + DVD PLAYER COM BLU-RAY,"400.01",500,"53","93","111"
DVD PLAYER CONVENCIONAL + DVD PLAYER COM BLU-RAY,"500.01",600,"64","112","134"
DVD PLAYER CONVENCIONAL + DVD PLAYER COM BLU-RAY,"600.01",800,"79","139","166"
DVD PLAYER CONVENCIONAL + DVD PLAYER COM BLU-RAY,"800.01","1000","101","176","212"
DVD PLAYER CONVENCIONAL + DVD PLAYER COM BLU-RAY,"1000.01","1500","136","238","286"
DVD PLAYER CONVENCIONAL + DVD PLAYER COM BLU-RAY,"1500.01","2000","190","331","399"
DVD PLAYER CONVENCIONAL + DVD PLAYER COM BLU-RAY,"2000.01","2500","240","420","504"
DVD PLAYER CONVENCIONAL + DVD PLAYER COM BLU-RAY,"2500.01","3000","289","505","607"
DVD PLAYER CONVENCIONAL + DVD PLAYER COM BLU-RAY,"3000.01","4000","365","639","767"
DVD PLAYER CONVENCIONAL + DVD PLAYER COM BLU-RAY,"4000.01","5000","467","818","981"
DVD PLAYER CONVENCIONAL + DVD PLAYER COM BLU-RAY,"5000.01","6000","560","980","1176"
DVD PLAYER CONVENCIONAL + DVD PLAYER COM BLU-RAY - 24 MESES DE GARANTIA DE FÁBRICA,"0.01",150,"23",,
DVD PLAYER CONVENCIONAL + DVD PLAYER COM BLU-RAY - 24 MESES DE GARANTIA DE FÁBRICA,"150.01",200,"33",,
DVD PLAYER CONVENCIONAL + DVD PLAYER COM BLU-RAY - 24 MESES DE GARANTIA DE FÁBRICA,"200.01",250,"41",,
DVD PLAYER CONVENCIONAL + DVD PLAYER COM BLU-RAY - 24 MESES DE GARANTIA DE FÁBRICA,"250.01",300,"51",,
DVD PLAYER CONVENCIONAL + DVD PLAYER COM BLU-RAY - 24 MESES DE GARANTIA DE FÁBRICA,"300.01",400,"63",,
DVD PLAYER CONVENCIONAL + DVD PLAYER COM BLU-RAY - 24 MESES DE GARANTIA DE FÁBRICA,"400.01",500,"79",,
DVD PLAYER CONVENCIONAL + DVD PLAYER COM BLU-RAY - 24 MESES DE GARANTIA DE FÁBRICA,"500.01",600,"96",,
DVD PLAYER CONVENCIONAL + DVD PLAYER COM BLU-RAY - 24 MESES DE GARANTIA DE FÁBRICA,"600.01",800,"119",,
DVD PLAYER CONVENCIONAL + DVD PLAYER COM BLU-RAY - 24 MESES DE GARANTIA DE FÁBRICA,"800.01","1000","151",,
DVD PLAYER CONVENCIONAL + DVD PLAYER COM BLU-RAY - 24 MESES DE GARANTIA DE FÁBRICA,"1000.01","1500","204",,
DVD PLAYER CONVENCIONAL + DVD PLAYER COM BLU-RAY - 24 MESES DE GARANTIA DE FÁBRICA,"1500.01","2000","285",,
DVD PLAYER CONVENCIONAL + DVD PLAYER COM BLU-RAY - 24 MESES DE GARANTIA DE FÁBRICA,"2000.01","2500","359",,
DVD PLAYER CONVENCIONAL + DVD PLAYER COM BLU-RAY - 24 MESES DE GARANTIA DE FÁBRICA,"2500.01","3000","433",,
DVD PLAYER CONVENCIONAL + DVD PLAYER COM BLU-RAY - 24 MESES DE GARANTIA DE FÁBRICA,"3000.01","4000","548",,
DVD PLAYER CONVENCIONAL + DVD PLAYER COM BLU-RAY - 24 MESES DE GARANTIA DE FÁBRICA,"4000.01","5000","700",,
DVD PLAYER CONVENCIONAL + DVD PLAYER COM BLU-RAY - 24 MESES DE GARANTIA DE FÁBRICA,"5000.01","6000","840",,
HOME THEATER DIGITAL COM DVD + BLU-RAY,"0.01",200,"18","32","38"
HOME THEATER DIGITAL COM DVD + BLU-RAY,"200.01",300,"29","51","61"
HOME THEATER DIGITAL COM DVD + BLU-RAY,"300.01",400,"40","70","84"
HOME THEATER DIGITAL COM DVD + BLU-RAY,"400.01",500,"51","90","107"
HOME THEATER DIGITAL COM DVD + BLU-RAY,"500.01",600,"62","107","130"
HOME THEATER DIGITAL COM DVD + BLU-RAY,"600.01",700,"73","127","153"
HOME THEATER DIGITAL COM DVD + BLU-RAY,"700.01",800,"83","145","174"
HOME THEATER DIGITAL COM DVD + BLU-RAY,"800.01",900,"94","164","197"
HOME THEATER DIGITAL COM DVD + BLU-RAY,"900.01","1000","104","182","218"
HOME THEATER DIGITAL COM DVD + BLU-RAY,"1000.01","1100","113","198","237"
HOME THEATER DIGITAL COM DVD + BLU-RAY,"1100.01","1200","123","214","258"
HOME THEATER DIGITAL COM DVD + BLU-RAY,"1200.01","1300","132","231","277"
HOME THEATER DIGITAL COM DVD + BLU-RAY,"1300.01","1400","141","247","296"
HOME THEATER DIGITAL COM DVD + BLU-RAY,"1400.01","1500","152","266","319"
HOME THEATER DIGITAL COM DVD + BLU-RAY,"1500.01","1600","161","281","338"
HOME THEATER DIGITAL COM DVD + BLU-RAY,"1600.01","1800","174","305","365"
HOME THEATER DIGITAL COM DVD + BLU-RAY,"1800.01","2000","196","342","412"
HOME THEATER DIGITAL COM DVD + BLU-RAY,"2000.01","2500","230","401","483"
HOME THEATER DIGITAL COM DVD + BLU-RAY,"2500.01","3000","280","490","588"
HOME THEATER DIGITAL COM DVD + BLU-RAY,"3000.01","4000","353","617","741"
HOME THEATER DIGITAL COM DVD + BLU-RAY,"4000.01","5000","450","787","945"
HOME THEATER DIGITAL COM DVD + BLU-RAY,"5000.01","6000","552","966","1159"
TELEVISOR LCD + LED + QLED + 4K,"0.01",500,"54","94","113"
TELEVISOR LCD + LED + QLED + 4K,"500.01",600,"65","113","137"
TELEVISOR LCD + LED + QLED + 4K,"600.01",700,"76","133","160"
TELEVISOR LCD + LED + QLED + 4K,"700.01",800,"87","152","183"
TELEVISOR LCD + LED + QLED + 4K,"800.01",900,"98","171","206"
TELEVISOR LCD + LED + QLED + 4K,"900.01","1000","109","191","229"
TELEVISOR LCD + LED + QLED + 4K,"1000.01","1250","129","226","271"
TELEVISOR LCD + LED + QLED + 4K,"1250.01","1500","157","275","330"
TELEVISOR LCD + LED + QLED + 4K,"1500.01","1750","181","316","380"
TELEVISOR LCD + LED + QLED + 4K,"1750.01","2000","208","364","437"
TELEVISOR LCD + LED + QLED + 4K,"2000.01","2250","237","414","498"
TELEVISOR LCD + LED + QLED + 4K,"2250.01","2500","264","462","554"
TELEVISOR LCD + LED + QLED + 4K,"2500.01","2750","279","488","586"
TELEVISOR LCD + LED + QLED + 4K,"2750.01","3000","305","533","641"
TELEVISOR LCD + LED + QLED + 4K,"3000.01","3250","332","580","697"
TELEVISOR LCD + LED + QLED + 4K,"3250.01","3500","358","627","752"
TELEVISOR LCD + LED + QLED + 4K,"3500.01","3750","384","672","806"
TELEVISOR LCD + LED + QLED + 4K,"3750.01","4000","411","718","863"
TELEVISOR LCD + LED + QLED + 4K,"4000.01","4500","451","790","947"
TELEVISOR LCD + LED + QLED + 4K,"4500.01","5000","504","881","1058"
TELEVISOR LCD + LED + QLED + 4K,"5000.01","5500","556","973","1168"
TELEVISOR LCD + LED + QLED + 4K,"5500.01","6000","609","1065","1279"
TELEVISOR LCD + LED + QLED + 4K,"6000.01","7000","688","1206","1445"
TELEVISOR LCD + LED + QLED + 4K,"7000.01","8000","793","1388","1665"
TELEVISOR LCD + LED + QLED + 4K,"8000.01","9000","898","1574","1886"
TELEVISOR LCD + LED + QLED + 4K,"9000.01","10000","1002","1757","2104"
TELEVISOR LCD + LED + QLED + 4K,"10000.01","11000","1106","1939","2323"
TELEVISOR LCD + LED + QLED + 4K,"11000.01","12000","1210","2121","2541"
TELEVISOR LCD + LED + QLED + 4K,"12000.01","13000","1314","2304","2759"
TELEVISOR LCD + LED + QLED + 4K,"13000.01","14000","1418","2486","2978"
TELEVISOR LCD + LED + QLED + 4K,"14000.01","15000","1522","2669","3196"
TELEVISOR LCD + LED + QLED + 4K,"15000.01","16000","1626","2851","3415"
TELEVISOR LCD + LED + QLED + 4K,"16000.01","17000","1730","3033","3633"
TELEVISOR LCD + LED + QLED + 4K,"17000.01","18000","1834","3216","3851"
TELEVISOR LCD + LED + QLED + 4K,"18000.01","19000","1938","3398","4070"
TELEVISOR LCD + LED + QLED + 4K,"19000.01","20000","2042","3580","4288"
TELEVISOR LCD + LED + QLED + 4K,"20000.01","21000","2146","3763","4507"
TELEVISOR LCD + LED + QLED + 4K,"21000.01","22000","2250","3945","4725"
TELEVISOR LCD + LED + QLED + 4K,"22000.01","23000","2354","4127","4943"
TELEVISOR LCD + LED + QLED + 4K,"23000.01","24000","2458","4310","5162"
TELEVISOR LCD + LED + QLED + 4K,"24000.01","25000","2562","4492","5380"
TELEVISOR LCD + LED + QLED + 4K,"25000.01","26000","2666","4674","5599"
TELEVISOR LCD + LED + QLED + 4K,"26000.01","27000","2770","4857","5817"
TELEVISOR LCD + LED + QLED + 4K,"27000.01","28000","2874","5039","6035"
COMPUTADOR LAPTOP / NOTEBOOK,"0.01",500,"53","93","111"
COMPUTADOR LAPTOP / NOTEBOOK,"500.01",600,"63","110","132"
COMPUTADOR LAPTOP / NOTEBOOK,"600.01",700,"74","130","155"
COMPUTADOR LAPTOP / NOTEBOOK,"700.01",800,"85","149","179"
COMPUTADOR LAPTOP / NOTEBOOK,"800.01",900,"97","170","204"
COMPUTADOR LAPTOP / NOTEBOOK,"900.01","1000","107","188","225"
COMPUTADOR LAPTOP / NOTEBOOK,"1000.01","1100","119","208","250"
COMPUTADOR LAPTOP / NOTEBOOK,"1100.01","1200","130","228","273"
COMPUTADOR LAPTOP / NOTEBOOK,"1200.01","1300","141","247","296"
COMPUTADOR LAPTOP / NOTEBOOK,"1300.01","1400","152","265","319"
COMPUTADOR LAPTOP / NOTEBOOK,"1400.01","1500","162","283","340"
COMPUTADOR LAPTOP / NOTEBOOK,"1500.01","1600","172","300","361"
COMPUTADOR LAPTOP / NOTEBOOK,"1600.01","1700","182","318","382"
COMPUTADOR LAPTOP / NOTEBOOK,"1700.01","1800","194","339","407"
COMPUTADOR LAPTOP / NOTEBOOK,"1800.01","1900","205","358","431"
COMPUTADOR LAPTOP / NOTEBOOK,"1900.01","2000","215","376","452"
COMPUTADOR LAPTOP / NOTEBOOK,"2000.01","2200","232","406","487"
COMPUTADOR LAPTOP / NOTEBOOK,"2200.01","2400","254","444","533"
COMPUTADOR LAPTOP / NOTEBOOK,"2400.01","2600","269","471","565"
COMPUTADOR LAPTOP / NOTEBOOK,"2600.01","2800","291","508","611"
COMPUTADOR LAPTOP / NOTEBOOK,"2800.01","3000","311","544","653"
COMPUTADOR LAPTOP / NOTEBOOK,"3000.01","3500","348","609","731"
COMPUTADOR LAPTOP / NOTEBOOK,"3500.01","4000","402","703","844"
COMPUTADOR LAPTOP / NOTEBOOK,"4000.01","5000","482","842","1012"
COMPUTADOR LAPTOP / NOTEBOOK,"5000.01","6000","588","1029","1235"
COMPUTADOR LAPTOP / NOTEBOOK,"6000.01","7000","695","1217","1460"
COMPUTADOR LAPTOP / NOTEBOOK,"7000.01","8000","802","1404","1684"
COMPUTADOR DESKTOP,"0.01",200,"23","42","48"
COMPUTADOR DESKTOP,"200.01",250,"28","51","59"
COMPUTADOR DESKTOP,"250.01",300,"34","62","71"
COMPUTADOR DESKTOP,"300.01",350,"40","71","84"
COMPUTADOR DESKTOP,"350.01",400,"45","81","95"
COMPUTADOR DESKTOP,"400.01",450,"51","90","107"
COMPUTADOR DESKTOP,"450.01",500,"56","100","118"
COMPUTADOR DESKTOP,"500.01",600,"63","113","132"
COMPUTADOR DESKTOP,"600.01",800,"80","144","168"
COMPUTADOR DESKTOP,"800.01","1000","103","185","216"
COMPUTADOR DESKTOP,"1000.01","1500","140","252","294"
COMPUTADOR DESKTOP,"1500.01","2000","196","352","412"
COMPUTADOR DESKTOP,"2000.01","3000","278","500","584"
COMPUTADOR DESKTOP,"3000.01","4000","387","695","813"
COMPUTADOR DESKTOP,"4000.01","5000","494","890","1037"
IMPRESSORA JATO DE TINTA + LASER,"0.01",200,"18","32","38"
IMPRESSORA JATO DE TINTA + LASER,"200.01",300,"29","51","61"
IMPRESSORA JATO DE TINTA + LASER,"300.01",400,"40","70","84"
IMPRESSORA JATO DE TINTA + LASER,"400.01",500,"51","90","107"
IMPRESSORA JATO DE TINTA + LASER,"500.01",600,"62","107","130"
IMPRESSORA JATO DE TINTA + LASER,"600.01",800,"77","134","162"
IMPRESSORA JATO DE TINTA + LASER,"800.01","1000","98","171","206"
IMPRESSORA JATO DE TINTA + LASER,"1000.01","1500","135","237","284"
IMPRESSORA JATO DE TINTA + LASER,"1500.01","2000","188","329","395"
IMPRESSORA JATO DE TINTA + LASER,"2000.01","2500","238","416","500"
IMPRESSORA JATO DE TINTA + LASER,"2500.01","3000","287","502","603"
IMPRESSORA JATO DE TINTA + LASER,"3000.01","3500","336","587","706"
IMPRESSORA JATO DE TINTA + LASER,"3500.01","4000","382","669","802"
IMPRESSORA JATO DE TINTA + LASER,"4000.01","4500","425","743","893"
MULTIFUNCIONAL + SCANNER,"0.01",200,"18","32","38"
MULTIFUNCIONAL + SCANNER,"200.01",300,"29","51","61"
MULTIFUNCIONAL + SCANNER,"300.01",400,"40","70","84"
MULTIFUNCIONAL + SCANNER,"400.01",500,"51","90","107"
MULTIFUNCIONAL + SCANNER,"500.01",600,"62","107","130"
MULTIFUNCIONAL + SCANNER,"600.01",800,"77","134","162"
MULTIFUNCIONAL + SCANNER,"800.01","1000","98","171","206"
MULTIFUNCIONAL + SCANNER,"1000.01","1500","135","237","284"
MULTIFUNCIONAL + SCANNER,"1500.01","2000","188","329","395"
MULTIFUNCIONAL + SCANNER,"2000.01","2500","238","416","500"
MULTIFUNCIONAL + SCANNER,"2500.01","3000","287","502","603"
MULTIFUNCIONAL + SCANNER,"3000.01","3500","336","587","706"
MULTIFUNCIONAL + SCANNER,"3500.01","4000","382","669","802"
MULTIFUNCIONAL + SCANNER,"4000.01","4500","425","743","893"
MONITOR DE LCD + LED,"0.01",250,"28","48","59"
MONITOR DE LCD + LED,"250.01",300,"33","57","69"
MONITOR DE LCD + LED,"300.01",350,"38","66","80"
MONITOR DE LCD + LED,"350.01",400,"43","75","90"
MONITOR DE LCD + LED,"400.01",450,"48","84","101"
MONITOR DE LCD + LED,"450.01",500,"53","93","111"
MONITOR DE LCD + LED,"500.01",600,"61","106","128"
MONITOR DE LCD + LED,"600.01",800,"76","133","160"
MONITOR DE LCD + LED,"800.01","1000","97","170","204"
MONITOR DE LCD + LED,"1000.01","1500","135","235","284"
MONITOR DE LCD + LED,"1500.01","2000","187","327","393"
MONITOR DE LCD + LED,"2000.01","2500","239","418","502"
MONITOR DE LCD + LED,"2500.01","3000","289","505","607"
MONITOR DE LCD + LED,"3000.01","3500","340","594","714"
MONITOR DE LCD + LED,"3500.01","4000","382","669","802"
TABLET + IPAD,"0.01",300,"33","57","69"
TABLET + IPAD,"300.01",400,"41","72","86"
TABLET + IPAD,"400.01",500,"52","91","109"
TABLET + IPAD,"500.01",600,"63","110","132"
TABLET + IPAD,"600.01",700,"74","130","155"
TABLET + IPAD,"700.01",800,"85","149","179"
TABLET + IPAD,"800.01",900,"96","167","202"
TABLET + IPAD,"900.01","1000","106","185","223"
TABLET + IPAD,"1000.01","1200","122","213","256"
TABLET + IPAD,"1200.01","1600","155","271","326"
TABLET + IPAD,"1600.01","1800","188","329","395"
TABLET + IPAD,"1800.01","2000","208","364","437"
TABLET + IPAD,"2000.01","2500","246","430","517"
TABLET + IPAD,"2500.01","3000","300","525","630"
TABLET + IPAD,"3000.01","3500","348","609","731"
TABLET + IPAD,"3500.01","4000","399","698","838"
TABLET + IPAD,"4000.01","4500","452","790","949"
TABLET + IPAD,"4500.01","5000","501","877","1052"
TABLET + IPAD,"5000.01","5500","552","966","1159"
TABLET + IPAD,"5500.01","6000","594","1040","1247"
TELEFONE CELULAR,"0.01",150,"16","27","34"
TELEFONE CELULAR,"150.01",200,"22","38","46"
TELEFONE CELULAR,"200.01",250,"28","48","59"
TELEFONE CELULAR,"250.01",300,"33","57","69"
TELEFONE CELULAR,"300.01",350,"39","67","82"
TELEFONE CELULAR,"350.01",400,"44","76","92"
TELEFONE CELULAR,"400.01",450,"49","85","103"
TELEFONE CELULAR,"450.01",500,"54","94","113"
TELEFONE CELULAR,"500.01",600,"62","109","130"
TELEFONE CELULAR,"600.01",700,"74","130","155"
TELEFONE CELULAR,"700.01",800,"85","149","179"
TELEFONE CELULAR,"800.01",900,"97","170","204"
TELEFONE CELULAR,"900.01","1000","107","188","225"
TELEFONE CELULAR,"1000.01","1250","128","223","269"
TELEFONE CELULAR,"1250.01","1500","156","272","328"
TELEFONE CELULAR,"1500.01","1750","184","321","386"
TELEFONE CELULAR,"1750.01","2000","212","370","445"
TELEFONE CELULAR,"2000.01","2500","254","444","533"
TELEFONE CELULAR,"2500.01","3000","310","542","651"
TELEFONE CELULAR,"3000.01","3500","366","640","769"
TELEFONE CELULAR,"3500.01","4000","422","738","886"
TELEFONE CELULAR,"4000.01","5000","506","885","1063"
TELEFONE CELULAR,"5000.01","6000","618","1081","1298"
TELEFONE CELULAR,"6000.01","7000","722","1263","1516"
TELEFONE CELULAR,"7000.01","8000","824","1442","1730"
TELEFONE CELULAR,"8000.01","9000","927","1622","1947"
TELEFONE CELULAR,"9000.01","10000","1027","1797","2157"
BICICLETA (CONVENCIONAL ARO) 3 MESES DE GTA E 21 MESES DE GARANTIA ESTENDIDA,"0.01",200,R$,,
BICICLETA (CONVENCIONAL ARO) 3 MESES DE GTA E 21 MESES DE GARANTIA ESTENDIDA,"200.01",300,R$,,
BICICLETA (CONVENCIONAL ARO) 3 MESES DE GTA E 21 MESES DE GARANTIA ESTENDIDA,"300.01",400,R$,,
BICICLETA (CONVENCIONAL ARO) 3 MESES DE GTA E 21 MESES DE GARANTIA ESTENDIDA,"400.01",500,R$,,
BICICLETA (CONVENCIONAL ARO) 3 MESES DE GTA E 21 MESES DE GARANTIA ESTENDIDA,"500.01",600,R$,,
BICICLETA (CONVENCIONAL ARO) 3 MESES DE GTA E 21 MESES DE GARANTIA ESTENDIDA,"600.01",700,R$,,
BICICLETA (CONVENCIONAL ARO) 3 MESES DE GTA E 21 MESES DE GARANTIA ESTENDIDA,"700.01",800,R$,,
BICICLETA (CONVENCIONAL ARO) 3 MESES DE GTA E 21 MESES DE GARANTIA ESTENDIDA,"800.01",900,R$,,
BICICLETA (CONVENCIONAL ARO) 3 MESES DE GTA E 21 MESES DE GARANTIA ESTENDIDA,"900.01","1000",R$,,
BICICLETA (CONVENCIONAL ARO) 3 MESES DE GTA E 21 MESES DE GARANTIA ESTENDIDA,"1000.01","2000",R$,,
BICICLETA (CONVENCIONAL ARO) 3 MESES DE GTA E 21 MESES DE GARANTIA ESTENDIDA,"2000.01","3000",R$,,
BICICLETA (CONVENCIONAL ARO) 3 MESES DE GTA E 21 MESES DE GARANTIA ESTENDIDA,"3000.01","4000",R$,,
BICICLETA (CONVENCIONAL ARO) 3 MESES DE GTA E 21 MESES DE GARANTIA ESTENDIDA,"4000.01","5000",R$,,
FITNESS ELÍPTICO / ESTEIRA / ERGOMÉTRICA /  PLATAFORMA VIBRATÓRIA / FITNESS REMO /  APARELHO ABDOMINAL / STEPPER,"0.01",200,R$,R$,R$
FITNESS ELÍPTICO / ESTEIRA / ERGOMÉTRICA /  PLATAFORMA VIBRATÓRIA / FITNESS REMO /  APARELHO ABDOMINAL / STEPPER,"200.01",250,R$,R$,R$
FITNESS ELÍPTICO / ESTEIRA / ERGOMÉTRICA /  PLATAFORMA VIBRATÓRIA / FITNESS REMO /  APARELHO ABDOMINAL / STEPPER,"250.01",300,R$,R$,R$
FITNESS ELÍPTICO / ESTEIRA / ERGOMÉTRICA /  PLATAFORMA VIBRATÓRIA / FITNESS REMO /  APARELHO ABDOMINAL / STEPPER,"300.01",350,R$,R$,R$
FITNESS ELÍPTICO / ESTEIRA / ERGOMÉTRICA /  PLATAFORMA VIBRATÓRIA / FITNESS REMO /  APARELHO ABDOMINAL / STEPPER,"350.01",400,R$,R$,R$
FITNESS ELÍPTICO / ESTEIRA / ERGOMÉTRICA /  PLATAFORMA VIBRATÓRIA / FITNESS REMO /  APARELHO ABDOMINAL / STEPPER,"400.01",450,R$,R$,R$
FITNESS ELÍPTICO / ESTEIRA / ERGOMÉTRICA /  PLATAFORMA VIBRATÓRIA / FITNESS REMO /  APARELHO ABDOMINAL / STEPPER,"450.01",500,R$,R$,R$
FITNESS ELÍPTICO / ESTEIRA / ERGOMÉTRICA /  PLATAFORMA VIBRATÓRIA / FITNESS REMO /  APARELHO ABDOMINAL / STEPPER,"500.01",700,R$,R$,R$
FITNESS ELÍPTICO / ESTEIRA / ERGOMÉTRICA /  PLATAFORMA VIBRATÓRIA / FITNESS REMO /  APARELHO ABDOMINAL / STEPPER,"700.01",900,R$,R$,R$
FITNESS ELÍPTICO / ESTEIRA / ERGOMÉTRICA /  PLATAFORMA VIBRATÓRIA / FITNESS REMO /  APARELHO ABDOMINAL / STEPPER,"900.01","1000",R$,R$,R$
FITNESS ELÍPTICO / ESTEIRA / ERGOMÉTRICA /  PLATAFORMA VIBRATÓRIA / FITNESS REMO /  APARELHO ABDOMINAL / STEPPER,"1000.01","1250",R$,R$,R$
FITNESS ELÍPTICO / ESTEIRA / ERGOMÉTRICA /  PLATAFORMA VIBRATÓRIA / FITNESS REMO /  APARELHO ABDOMINAL / STEPPER,"1250.01","1500",R$,R$,R$
FITNESS ELÍPTICO / ESTEIRA / ERGOMÉTRICA /  PLATAFORMA VIBRATÓRIA / FITNESS REMO /  APARELHO ABDOMINAL / STEPPER,"1500.01","1750",R$,R$,R$
FITNESS ELÍPTICO / ESTEIRA / ERGOMÉTRICA /  PLATAFORMA VIBRATÓRIA / FITNESS REMO /  APARELHO ABDOMINAL / STEPPER,"1750.01","2000",R$,R$,R$
FITNESS ELÍPTICO / ESTEIRA / ERGOMÉTRICA /  PLATAFORMA VIBRATÓRIA / FITNESS REMO /  APARELHO ABDOMINAL / STEPPER,"2000.01","2500",R$,R$,R$
FITNESS ELÍPTICO / ESTEIRA / ERGOMÉTRICA /  PLATAFORMA VIBRATÓRIA / FITNESS REMO /  APARELHO ABDOMINAL / STEPPER,"2500.01","3000",R$,R$,R$
FITNESS ELÍPTICO / ESTEIRA / ERGOMÉTRICA /  PLATAFORMA VIBRATÓRIA / FITNESS REMO /  APARELHO ABDOMINAL / STEPPER,"3000.01","3500",R$,R$,R$
FITNESS ELÍPTICO / ESTEIRA / ERGOMÉTRICA /  PLATAFORMA VIBRATÓRIA / FITNESS REMO /  APARELHO ABDOMINAL / STEPPER,"3500.01","4000",R$,R$,R$
FITNESS ELÍPTICO / ESTEIRA / ERGOMÉTRICA /  PLATAFORMA VIBRATÓRIA / FITNESS REMO /  APARELHO ABDOMINAL / STEPPER,"4000.01","4500",R$,R$,R$
FITNESS ELÍPTICO / ESTEIRA / ERGOMÉTRICA /  PLATAFORMA VIBRATÓRIA / FITNESS REMO /  APARELHO ABDOMINAL / STEPPER,"4500.01","5000",R$,R$,R$
FITNESS ELÍPTICO / ESTEIRA / ERGOMÉTRICA /  PLATAFORMA VIBRATÓRIA / FITNESS REMO /  APARELHO ABDOMINAL / STEPPER,"5000.01","6000",R$,R$,R$
FITNESS ELÍPTICO / ESTEIRA / ERGOMÉTRICA /  PLATAFORMA VIBRATÓRIA / FITNESS REMO /  APARELHO ABDOMINAL / STEPPER,"6000.01","7000",R$,R$,R$
FITNESS ELÍPTICO / ESTEIRA / ERGOMÉTRICA /  PLATAFORMA VIBRATÓRIA / FITNESS REMO /  APARELHO ABDOMINAL / STEPPER,"7000.01","8000",R$,R$,R$
FITNESS ELÍPTICO / ESTEIRA / ERGOMÉTRICA /  PLATAFORMA VIBRATÓRIA / FITNESS REMO /  APARELHO ABDOMINAL / STEPPER,"8000.01","9000",R$,R$,R$
FITNESS ELÍPTICO / ESTEIRA / ERGOMÉTRICA /  PLATAFORMA VIBRATÓRIA / FITNESS REMO /  APARELHO ABDOMINAL / STEPPER,"9000.01","10000",R$,R$,R$
FERRAMENTAS,"0.01",200,R$,R$,R$
FERRAMENTAS,"200.01",300,R$,R$,R$
FERRAMENTAS,"300.01",400,R$,R$,R$
FERRAMENTAS,"400.01",500,R$,R$,R$
FERRAMENTAS,"500.01",600,R$,R$,R$
FERRAMENTAS,"600.01",700,R$,R$,R$
FERRAMENTAS,"700.01",800,R$,R$,R$
FERRAMENTAS,"800.01",900,R$,R$,R$
FERRAMENTAS,"900.01","1000",R$,R$,R$
FERRAMENTAS,"1000.01","2000",R$,R$,R$
FERRAMENTAS,"2000.01","3000",R$,R$,R$
FERRAMENTAS,"3000.01","4000",R$,R$,R$
FERRAMENTAS - 24 MESES DE GARANTIA DE FÁBRICA,"0.01",200,R$,,
FERRAMENTAS - 24 MESES DE GARANTIA DE FÁBRICA,"200.01",300,R$,,
FERRAMENTAS - 24 MESES DE GARANTIA DE FÁBRICA,"300.01",400,R$,,
FERRAMENTAS - 24 MESES DE GARANTIA DE FÁBRICA,"400.01",500,R$,,
FERRAMENTAS - 24 MESES DE GARANTIA DE FÁBRICA,"500.01",600,R$,,
FERRAMENTAS - 24 MESES DE GARANTIA DE FÁBRICA,"600.01",700,R$,,
FERRAMENTAS - 24 MESES DE GARANTIA DE FÁBRICA,"700.01",800,R$,,
FERRAMENTAS - 24 MESES DE GARANTIA DE FÁBRICA,"800.01",900,R$,,
FERRAMENTAS - 24 MESES DE GARANTIA DE FÁBRICA,"900.01","1000",R$,,
FERRAMENTAS - 24 MESES DE GARANTIA DE FÁBRICA,"1000.01","2000",R$,,
FERRAMENTAS - 24 MESES DE GARANTIA DE FÁBRICA,"2000.01","3000",R$,,
FERRAMENTAS - 24 MESES DE GARANTIA DE FÁBRICA,"3000.01","4000",R$,,
CARRINHO DE BEBE,"0.01",250,"29","52","61"
CARRINHO DE BEBE,"250.01",300,"34","62","71"
CARRINHO DE BEBE,"300.01",350,"40","71","84"
CARRINHO DE BEBE,"350.01",400,"45","81","95"
CARRINHO DE BEBE,"400.01",450,"51","90","107"
CARRINHO DE BEBE,"450.01",500,"56","100","118"
CARRINHO DE BEBE,"500.01",600,"63","113","132"
CARRINHO DE BEBE,"600.01",800,"80","144","168"
CARRINHO DE BEBE,"800.01","1000","102","184","214"
CARRINHO DE BEBE,"1000.01","1500","141","254","296"
CARRINHO DE BEBE,"1500.01","2000","197","355","414"
CARRINHO DE BEBE,"2000.01","2500","253","455","531"
CARRINHO DE BEBE,"2500.01","3000","309","556","649"
CARRINHO DE BEBE,"3000.01","3500","364","655","764"
CARRINHO DE BEBE,"3500.01","4000","419","754","880"
CARRINHO DE BEBE,"4000.01","4500","474","853","995"
CARRINHO DE BEBE,"4500.01","5000","527","947","1107"
PEQUENO PORTE,"0.01",40,"10","17","21"
PEQUENO PORTE,"40.01",80,"13","23","27"
PEQUENO PORTE,"80.01",120,"16","27","34"
PEQUENO PORTE,"120.01",160,"17","30","36"
PEQUENO PORTE,"160.01",200,"20","35","42"
PEQUENO PORTE,"200.01",250,"23","39","48"
PEQUENO PORTE,"250.01",300,"26","45","55"
PEQUENO PORTE,"300.01",350,"39","68","82"
PEQUENO PORTE,"350.01",400,"46","79","97"
PEQUENO PORTE,"400.01",450,"49","86","103"
PEQUENO PORTE,"450.01",500,"55","96","116"
PEQUENO PORTE,"500.01",600,"63","111","132"
PEQUENO PORTE,"600.01",700,"75","131","158"
PEQUENO PORTE,"700.01",800,"92","161","193"
PEQUENO PORTE,"800.01",900,"105","183","221"
PEQUENO PORTE,"900.01","1000","119","208","250"
PEQUENO PORTE,"1000.01","1100","140","244","294"
PEQUENO PORTE,"1100.01","1200","154","269","323"
PEQUENO PORTE,"1200.01","1300","166","291","349"
PEQUENO PORTE,"1300.01","1400","180","314","378"
PEQUENO PORTE,"1400.01","1500","213","372","447"
PEQUENO PORTE,"1500.01","2000","260","454","546"
PEQUENO PORTE - 24 MESES DE GARANTIA DE FÁBRICA,"0.01",40,"15",,
PEQUENO PORTE - 24 MESES DE GARANTIA DE FÁBRICA,"40.01",80,"20",,
PEQUENO PORTE - 24 MESES DE GARANTIA DE FÁBRICA,"80.01",120,"23",,
PEQUENO PORTE - 24 MESES DE GARANTIA DE FÁBRICA,"120.01",160,"26",,
PEQUENO PORTE - 24 MESES DE GARANTIA DE FÁBRICA,"160.01",200,"30",,
PEQUENO PORTE - 24 MESES DE GARANTIA DE FÁBRICA,"200.01",250,"34",,
PEQUENO PORTE - 24 MESES DE GARANTIA DE FÁBRICA,"250.01",300,"39",,
PEQUENO PORTE - 24 MESES DE GARANTIA DE FÁBRICA,"300.01",350,"58",,
PEQUENO PORTE - 24 MESES DE GARANTIA DE FÁBRICA,"350.01",400,"68",,
PEQUENO PORTE - 24 MESES DE GARANTIA DE FÁBRICA,"400.01",450,"73",,
PEQUENO PORTE - 24 MESES DE GARANTIA DE FÁBRICA,"450.01",500,"82",,
PEQUENO PORTE - 24 MESES DE GARANTIA DE FÁBRICA,"500.01",600,"95",,
PEQUENO PORTE - 24 MESES DE GARANTIA DE FÁBRICA,"600.01",700,"112",,
PEQUENO PORTE - 24 MESES DE GARANTIA DE FÁBRICA,"700.01",800,"138",,
PEQUENO PORTE - 24 MESES DE GARANTIA DE FÁBRICA,"800.01",900,"157",,
PEQUENO PORTE - 24 MESES DE GARANTIA DE FÁBRICA,"900.01","1000","178",,
PEQUENO PORTE - 24 MESES DE GARANTIA DE FÁBRICA,"1000.01","1100","209",,
PEQUENO PORTE - 24 MESES DE GARANTIA DE FÁBRICA,"1100.01","1200","230",,
PEQUENO PORTE - 24 MESES DE GARANTIA DE FÁBRICA,"1200.01","1300","249",,
PEQUENO PORTE - 24 MESES DE GARANTIA DE FÁBRICA,"1300.01","1400","269",,
PEQUENO PORTE - 24 MESES DE GARANTIA DE FÁBRICA,"1400.01","1500","319",,
PEQUENO PORTE - 24 MESES DE GARANTIA DE FÁBRICA,"1500.01","2000","390",,
EQUIPAMENTOS DE SEGURANÇA,"0.01",40,"10","17","21"
EQUIPAMENTOS DE SEGURANÇA,"40.01",80,"13","23","27"
EQUIPAMENTOS DE SEGURANÇA,"80.01",120,"16","27","34"
EQUIPAMENTOS DE SEGURANÇA,"120.01",160,"17","30","36"
EQUIPAMENTOS DE SEGURANÇA,"160.01",200,"20","35","42"
EQUIPAMENTOS DE SEGURANÇA,"200.01",250,"23","39","48"
EQUIPAMENTOS DE SEGURANÇA,"250.01",300,"26","45","55"
EQUIPAMENTOS DE SEGURANÇA,"300.01",350,"39","68","82"
EQUIPAMENTOS DE SEGURANÇA,"350.01",400,"46","79","97"
EQUIPAMENTOS DE SEGURANÇA,"400.01",450,"49","86","103"
EQUIPAMENTOS DE SEGURANÇA,"450.01",500,"55","96","116"
EQUIPAMENTOS DE SEGURANÇA,"500.01",600,"63","111","132"
EQUIPAMENTOS DE SEGURANÇA,"600.01",700,"75","131","158"
EQUIPAMENTOS DE SEGURANÇA,"700.01",800,"92","161","193"
EQUIPAMENTOS DE SEGURANÇA,"800.01",900,"105","183","221"
EQUIPAMENTOS DE SEGURANÇA,"900.01","1000","119","208","250"
EQUIPAMENTOS DE SEGURANÇA,"1000.01","1100","140","244","294"
EQUIPAMENTOS DE SEGURANÇA,"1100.01","1200","154","269","323"
EQUIPAMENTOS DE SEGURANÇA,"1200.01","1300","166","291","349"
EQUIPAMENTOS DE SEGURANÇA,"1300.01","1400","180","314","378"
EQUIPAMENTOS DE SEGURANÇA,"1400.01","1500","213","372","447"
EQUIPAMENTOS DE SEGURANÇA,"1500.01","2000","260","454","546"
MOVEIS  / MÓVEIS ESTOFADOS,"0.01",200,"20","35","42"
MOVEIS  / MÓVEIS ESTOFADOS,"200.01",300,"33","57","69"
MOVEIS  / MÓVEIS ESTOFADOS,"300.01",400,"45","79","95"
MOVEIS  / MÓVEIS ESTOFADOS,"400.01",500,"58","101","122"
MOVEIS  / MÓVEIS ESTOFADOS,"500.01",600,"70","122","147"
MOVEIS  / MÓVEIS ESTOFADOS,"600.01",700,"82","143","172"
MOVEIS  / MÓVEIS ESTOFADOS,"700.01",800,"94","164","197"
MOVEIS  / MÓVEIS ESTOFADOS,"800.01",900,"106","185","223"
MOVEIS  / MÓVEIS ESTOFADOS,"900.01","1000","117","204","246"
MOVEIS  / MÓVEIS ESTOFADOS,"1000.01","1250","137","240","288"
MOVEIS  / MÓVEIS ESTOFADOS,"1250.01","1400","160","280","336"
MOVEIS  / MÓVEIS ESTOFADOS,"1400.01","1600","180","315","378"
MOVEIS  / MÓVEIS ESTOFADOS,"1600.01","1800","202","354","424"
MOVEIS  / MÓVEIS ESTOFADOS,"1800.01","2000","225","394","473"
MOVEIS  / MÓVEIS ESTOFADOS,"2000.01","2200","247","431","519"
MOVEIS  / MÓVEIS ESTOFADOS,"2200.01","2400","267","467","561"
MOVEIS  / MÓVEIS ESTOFADOS,"2400.01","2600","289","505","607"
MOVEIS  / MÓVEIS ESTOFADOS,"2600.01","2800","312","545","655"
MOVEIS  / MÓVEIS ESTOFADOS,"2800.01","3000","331","580","695"
MOVEIS  / MÓVEIS ESTOFADOS,"3000.01","3500","370","646","777"
MOVEIS  / MÓVEIS ESTOFADOS,"3500.01","4000","424","741","890"
MOVEIS  / MÓVEIS ESTOFADOS,"4000.01","5000","505","884","1061"
MOVEIS  / MÓVEIS ESTOFADOS,"5000.01","6000","522","914","1096"
MOVEIS  / MÓVEIS ESTOFADOS,"6000.01","7000","580","1015","1218"
MOVEIS  / MÓVEIS ESTOFADOS,"7000.01","8000","644","1127","1352"
MOVEIS  / MÓVEIS ESTOFADOS,"8000.01","9000","714","1250","1499"
MOVEIS  / MÓVEIS ESTOFADOS,"9000.01","10000","793","1388","1665"
MOVEIS  / MÓVEIS ESTOFADOS,"10000.01","11000","880","1540","1848"
MOVEIS  / MÓVEIS ESTOFADOS,"11000.01","12000","977","1710","2052"
MOVEIS  / MÓVEIS ESTOFADOS,"12000.01","13000","1085","1899","2279"
MOVEIS  / MÓVEIS ESTOFADOS,"13000.01","14000","1204","2107","2528"
MOVEIS  / MÓVEIS ESTOFADOS,"14000.01","15000","1336","2338","2806"
MOVEIS  / MÓVEIS ESTOFADOS,"15000.01","16000","1483","2595","3114"
MOVEIS  / MÓVEIS ESTOFADOS,"16000.01","17000","1647","2882","3459"
MOVEIS  / MÓVEIS ESTOFADOS,"17000.01","18000","1828","3199","3839"
MOVEIS  / MÓVEIS ESTOFADOS,"18000.01","19000","2029","3551","4261"
MOVEIS  / MÓVEIS ESTOFADOS,"19000.01","20000","2252","3941","4729"
MOVEIS  / MÓVEIS ESTOFADOS,"20000.01","21000","2400","4200","5040"
MOVEIS  / MÓVEIS ESTOFADOS,"21000.01","22000","2665","4664","5597"
MOVEIS  / MÓVEIS ESTOFADOS,"22000.01","23000","2789","4881","5857"
MOVEIS  / MÓVEIS ESTOFADOS,"23000.01","24000","2902","5079","6094"
MOVEIS  / MÓVEIS ESTOFADOS,"24000.01","25000","3002","5254","6304"
COLCHÃO,"0.01",200,"20","35","42"
COLCHÃO,"200.01",300,"33","57","69"
COLCHÃO,"300.01",400,"45","79","95"
COLCHÃO,"400.01",500,"58","101","122"
COLCHÃO,"500.01",600,"70","122","147"
COLCHÃO,"600.01",700,"82","143","172"
COLCHÃO,"700.01",800,"94","164","197"
COLCHÃO,"800.01",900,"106","185","223"
COLCHÃO,"900.01","1000","117","204","246"
COLCHÃO,"1000.01","1250","137","240","288"
COLCHÃO,"1250.01","1400","160","280","336"
COLCHÃO,"1400.01","1600","180","315","378"
COLCHÃO,"1600.01","1800","202","354","424"
COLCHÃO,"1800.01","2000","225","394","473"
COLCHÃO,"2000.01","2200","247","431","519"
COLCHÃO,"2200.01","2400","267","467","561"
COLCHÃO,"2400.01","2600","289","505","607"
COLCHÃO,"2600.01","2800","312","545","655"
COLCHÃO,"2800.01","3000","331","580","695"
COLCHÃO,"3000.01","3500","370","646","777"
COLCHÃO,"3500.01","4000","424","741","890"
COLCHÃO,"4000.01","5000","471","824","989"
COLCHÃO,"5000.01","6000","522","914","1096"
COLCHÃO,"6000.01","7000","580","1015","1218"